[{"identifier":{"id":"enkia.tokyo-night","uuid":"1cac7443-911e-48b9-8341-49f3880c288a"},"version":"1.0.9","location":{"$mid":1,"fsPath":"/home/y/.var/app/com.vscodium.codium/data/codium/extensions/enkia.tokyo-night-1.0.9-universal","external":"file:///home/y/.var/app/com.vscodium.codium/data/codium/extensions/enkia.tokyo-night-1.0.9-universal","path":"/home/y/.var/app/com.vscodium.codium/data/codium/extensions/enkia.tokyo-night-1.0.9-universal","scheme":"file"},"relativeLocation":"enkia.tokyo-night-1.0.9-universal","metadata":{"installedTimestamp":1734347816533,"pinned":false,"source":"gallery","id":"1cac7443-911e-48b9-8341-49f3880c288a","publisherId":"745c7670-02e7-4a27-b662-e1b5719f2ba7","publisherDisplayName":"enkia","targetPlatform":"universal","updated":false,"isPreReleaseVersion":false,"hasPreReleaseVersion":false}}]